dummycol;English;Greek;
;Back to Reading List;Επιστροφή στη Λίστα Ανάγνωσης;
; << Back to Results; << Επιστροφή στα αποτελέσματα;
;"&nbsp;&nbsp;&nbsp;&nbsp;";"& nbsp; & nbsp; & nbsp; & nbsp;";
;Uh oh!  It looks like the article may no longer be available through your library.  Please let your library and teacher know about this error message:;Ωχ!  Φαίνεται ότι το άρθρο ενδέχεται να μην είναι πλέον διαθέσιμο στη βιβλιοθήκη σας.  Παρακαλείσθε να ενημερώσετε τη βιβλιοθήκη και τον καθηγητή σας για αυτό το μήνυμα σφάλματος:;
;This record from ;Αυτό το αρχείο από ;
; cannot be displayed to guests.; δεν μπορεί να εμφανιστεί στους επισκέπτες.;
;Login</a> for full access.;Συνδεθείτε </a> να αποκτήσετε πλήρη πρόσβαση.;
;Add to Reading List;Προσθήκη στη λίστα ανάγνωσης;
;Remove from Reading List;Κατάργηση από τη λίστα ανάγνωσης;
;PDF full text;Πλήρες κείμενο PDF;
;HTML full text;Πλήρες κείμενο HTML;
;HTML Full Text;Πλήρες κείμενο HTML;
;Full Text:;Πλήρες κείμενο:;
;PubType:;PubType:;
;Database:;Βάση δεδομένων:;
;Statistics;Στατιστικά στοιχεία;
;Curriculum Builder Settings;Ρυθμίσεις Οδηγού Δημιουργίας Διδακτέας ύλης;
;EBSCO User ID;Αναγνωριστικό χρήστη EBSCO;
;EBSCO Password;Κωδικός πρόσβασης EBSCO;
;Your EDS API Profile;Το προφίλ EDS API  σας;
;URL for your library logo;Διεύθυνση URL για το λογότυπο της βιβλιοθήκης σας;
;Contact Email;Email επικοινωνίας;
;Link to Library Home Page;Σύνδεση με την Αρχική σελίδα της Βιβλιοθήκης;
;Text to display at top of screen;Κείμενο που εμφανίζεται στο επάνω μέρος της οθόνης;
;Link to EDS Label;Σύνδεση με την ετικέτα EDS;
;Custom CSS File;Προσαρμοσμένο αρχείο CSS;
;Collect student names as they access assigned readings?;"Καταγραφή των ονομάτων των σπουδαστών καθώς αποκτούν πρόσβαση στο ανατεθειμένο υλικό προς ανάγνωση;";
;Yes;Ναι;
;No;Όχι;
;Footer text;Κείμενο υποσέλιδου;
;Copy Course Support;Αντιγραφή υποστήριξης μαθημάτων;
;Remove Full Text and Available in Library Collection Limiters from view;Κατάργηση του Πλήρους κειμένου και της επιλογής Διαθέσιμο στους περιορισμούς συλλογής βιβλιοθηκών από την προβολή;
;Show 'Return to Course' Link at top of page;"Εμφάνιση του συνδέσμου ""Επιστροφή στο μάθημα"" στο επάνω μέρος της σελίδας";
;Open all Lists in a New Window;Άνοιγμα όλων των λιστών σε νέο παράθυρο;
;View Lists;Προβολή λιστών;
;Select one: ;Επέλεξε ένα: ;
;Preview Selected List;Προεπισκόπηση της επιλεγμένης λίστας;
;Delete Lists;Διαγραφή λιστών;
;Delete Selected Lists;Διαγραφή επιλεγμένων λιστών;
;Basic Search;Βασική αναζήτηση;
;Keyword;Λέξη κλειδί;
;Author;Συντάκτης;
;Title;Τίτλος;
;View this list;Προβολή αυτής της λίστας;
;Untitled List;Λίστα χωρίς τίτλους;
;All Public Lists:;Όλες οι δημόσιες λίστες:;
;There are no public reading lists to copy.;Δεν υπάρχουν δημόσιες λίστες ανάγνωσης για αντιγραφή.;
;Options;Επιλογές;
;Include Notes in the Import Process;Συμπερίληψη σημειώσεων στη διαδικασία εισαγωγής;
;Preserve Sort Order;Διατήρηση της σειράς ταξινόμησης;
;Check/Uncheck All;Επιλέξτε / Καταργήστε την επιλογή όλων;
;Notes:;Σημειώσεις:;
;There are no readings in this list.;Δεν υπάρχουν υλικά ανάγνωσης σε αυτήν τη λίστα.;
;Copy Selected Readings;Αντιγραφή επιλεγμένων υλικών ανάγνωσης ;
;You are unauthorized to access this page.;Δεν έχετε δικαίωμα πρόσβασης σε αυτήν τη σελίδα.;
;You must be logged in to access that service, please login;Πρέπει να είστε συνδεδεμένοι για να αποκτήσετε πρόσβαση στην υπηρεσία αυτή -  παρακαλούμε συνδεθείτε;
;Warning: you are about to delete the following lists permanently.  This action cannot be undone.  Any instructor that tries to access these lists from their course will find an empty list.;Προειδοποίηση: πρόκειται να διαγράψετε μόνιμα τις ακόλουθες λίστες.  Αυτή η πράξη δε μπορεί να αναιρεθεί.  Κάθε εκπαιδευτής που προσπαθεί να έχει πρόσβαση σε αυτές τις λίστες από το μάθημά τους θα βρίσκει μια κενή λίστα.;
;NEVER accessed since update;ΠΟΤΕ δεν πραγματοποιήθηκε πρόσβαση από την ενημέρωση;
;LAST ACCESSED;ΤΕΛΕΥΤΑΙΑ ΠΡΟΣΒΑΣΗ;
;DELETE;ΔΙΑΓΡΑΦΗ;
;this list;αυτής της λίστας;
;these ;αυτών των  ;
;lists;λιστών;
;or;ή;
;Cancel;Ακύρωση;
;No lists selected to delete.;Δεν έχουν επιλεγεί λίστες για διαγραφή.;
;Back to Administration Screen;Επιστροφή στην οθόνη διαχείρισης;
;Oops! An error occurred. The data for one or more records is incomplete. Please try again, being sure to include the entire record for each reading.;Ωχ! Παρουσιάστηκε σφάλμα. Τα δεδομένα για ένα ή περισσότερα αρχεία είναι ελλιπή. Δοκιμάστε ξανά, φροντίζοντας να συμπεριλάβετε ολόκληρη την εγγραφή για κάθε υλικό ανάγνωσης.;
;Enter bibliographic info from the list into this box:;Εισάγετε βιβλιογραφικές πληροφορίες από τη λίστα σε αυτό το πλαίσιο:;
;CB Version 2.3;CB Έκδοση 2.3;
;List ID;Αναγνωριστικό λίστας;
;Login;Σύνδεση;
;Invalid login -- pleasae try again;Μη έγκυρη σύνδεση - δοκιμάστε ξανά;
;Username:;Όνομα Χρήστη:;
;Password:;Κωδικός πρόσβασης:;
;Successfully logged in.;Έχετε συνδεθεί με επιτυχία.;
;Successfully updated expiration date for ;Η ημερομηνία λήξης ενημερώθηκε με επιτυχία για ;
;Successfully deleted ;Διαγράφηκε με επιτυχία ;
;You cannot have an empty Consumer Key or Password, and you must set an expiration date.  Please try again.;Δεν μπορείτε να έχετε κενό Κλειδί Καταναλωτή ή Κωδικό Πρόσβασης και πρέπει να ορίσετε μια ημερομηνία λήξης.  Προσπαθήστε ξανά.;
;Consumer key ;Το Κλειδί Καταναλωτή ;
;already exists. Please delete the existing one first before creating a new one.;υπάρχει ήδη. Διαγράψτε πρώτα το υφιστάμενο πριν δημιουργήσετε ένα νέο.;
;Successfully inserted consumer key: ;Επιτυχής εισαγωγή κλειδί καταναλωτή: ;
;Unrecognized Actions.  Try again.;Μη αναγνωρισμένες ενέργειες.  Προσπαθήστε ξανά.;
;Create New Access Key Pair;Δημιουργία νέου ζεύγους κλειδιών πρόσβασης;
;Consumer Key;Κλειδί καταναλωτή;
;Secret;Μυστικό;
;Expiration Date;Ημερομηνία Λήξης;
;Edit or Delete Existing Access Key Pair;Επεξεργασία ή διαγραφή υφιστάμενων ζευγών κλειδιών πρόσβασης;
;Warning:;Προειδοποίηση:;
;Removing a Consumer Key / Secret pairing or setting an incorrect expiration date will deny access to the reading list to any site using that key pair.;Η κατάργηση ενός ζεύγους Κλειδιού Καταναλωτή / Μυστικού ή ο ορισμός μιας εσφαλμένης ημερομηνίας λήξης θα εμποδίσει την πρόσβαση στη λίστα ανάγνωσης σε οποιονδήποτε ιστότοπο που χρησιμοποιεί αυτό το ζεύγος κλειδιών.;
;Expiration;Λήξη;
;Configure / Admin;Διαμόρφωση / Διαχείριση ;
;Are you sure you want to delete this key;Είστε βέβαιοι ότι θέλετε να διαγράψετε αυτό το κλειδί;
;You have been logged out.;Έχετε αποσυνδεθεί.;
;Your login credentials are incorrect.  Please try again.;Τα διαπιστευτήρια σύνδεσης είναι λανθασμένα.  Προσπαθήστε ξανά.;
;Manage Access to the Reading List Tool;Διαχείριση πρόσβασης στο εργαλείο λίστας ανάγνωσης;
;Create New Key Pair;Δημιουργία νέου ζεύγους κλειδιών;
;Log Out;Αποσύνδεση;
;Notes may not save properly.;Οι σημειώσεις ενδέχεται να μην αποθηκευτούν σωστά.;
;Import from Existing List;Εισαγωγή από την Υφιστάμενη λίστα;
;Import from EBSCO Folder (beta);Εισαγωγή από το φάκελο EBSCO (beta);
;This list is;Αυτή η λίστα είναι;
;public;δημόσια;
;private;ιδιωτική;
;student(s) have accessed this list.;οι σπουδαστές έχουν πρόσβαση στη λίστα αυτή.;
;Students that have accessed this list:;Οι σπουδαστές που έχουν αποκτήσει πρόσβαση σε αυτή τη λίστα:;
;No students have accessed this list.  A list of names will appear here when at least one student accesses it.;Κανένας σπουδαστής δεν έχει αποκτήσει πρόσβαση σε αυτήν τη λίστα.  Μια λίστα με τα ονόματα θα εμφανιστεί εδώ όταν τουλάχιστον ένας σπουδαστής έχει αποκτήσει πρόσβαση σε αυτήν.;
;Add Folder;Προσθήκη φακέλου;
;Create Folder;Δημιουργία φακέλου ;
;Add Text or Instructions;Προσθέστε κείμενο ή οδηγίες;
;Text;Κείμενο;
;Folder;Φάκελος;
;e.g., Read Chapter 5 in Textbook;π.χ. Διαβάστε το Κεφάλαιο 5 στο Βιβλίο Εργασιών;
;Main list of Readings;Κύρια λίστα υλικών ανάγνωσης;
;Add Web Resource;Προσθήκη πόρων ιστού;
;URL;URL;
;e.g., http://library.edu/;π.χ., http://library.edu/;
;Link label;Ετικέτα σύνδεσης;
; Back to main list; Επιστροφή στην κύρια λίστα;
;This list has folders:;Αυτή η λίστα έχει φακέλους:;
;Sort Order:;Σειρά ταξινόμησης:;
;Removing...;Κατάργηση...;
;Move to folder;Μετακίνηση στον φάκελο;
;No Folder;Δεν υπάρχει φάκελος;
;Delete;Διαγραφή;
;There was a problem loading details for this reading.  Your library may no longer subscribe to this item, or it may be a duplicate of another reading already in this list.  Please contact your library for further assistance if you have any difficulty accessing this item.;Παρουσιάστηκε πρόβλημα κατά τη φόρτωση των λεπτομερειών για αυτό το υλικό ανάγνωσης.  Η βιβλιοθήκη σας δεν μπορεί πλέον να εγγραφεί σε αυτό το στοιχείο ή μπορεί να είναι αντίγραφο κάποιου άλλου υλικού ανάγνωσης που βρίσκεται ήδη σε αυτήν τη λίστα.  Επικοινωνήστε με τη βιβλιοθήκη σας για περαιτέρω βοήθεια αν έχετε δυσκολία πρόσβασης σε αυτό το στοιχείο.;
;By : ;Από: ;
;Published:;Εκδόθηκε:;
;Start Page: ;Αρχική σελίδα: ;
;Page Count: ;Αριθμός σελίδων: ;
;Language:;Γλώσσα: ;
;Full Text;Πλήρες κείμενο ;
;Online Access;Ηλεκτρονική πρόσβαση;
;Students that have clicked this reading: ;Οι σπουδαστές που έχουν κάνει κλικ σε αυτό το υλικό ανάγνωσης:  ;
;student(s) have clicked this reading.;οι σπουδαστές έχουν κάνει κλικ σε αυτό το υλικό ανάγνωσης. ;
;No students have read this item.  A list of names will appear here when at least one student clicks this item.;Κανένας σπουδαστής δεν έχει διαβάσει αυτό το στοιχείο.   Θα εμφανιστεί μια λίστα με ονόματα όταν τουλάχιστον ένας σπουδαστής κάνει κλικ σε αυτό το στοιχείο.;
;Characters remaining;Χαρακτήρες που απομένουν ;
;Removing... please wait.;Κατάργηση... παρακαλώ περιμένετε.;
;Update Notes and Sort Order;Ενημέρωση σημειώσεων και σειράς ταξινόμησης ;
;Currently, there are no readings.;Επί του παρόντος, δεν υπάρχουν υλικά προς ανάγνωση. ;
;Select a folder above to see readings.;Επιλέξτε έναν φάκελο παραπάνω για να δείτε τα υλικά προς ανάγνωση.;
;Currently, there are no readings on this list.;Επί του παρόντος, δεν υπάρχουν υλικά προς ανάγνωση σε αυτή τη λίστα. ;
;<< Back to Results;<< Επιστροφή στα αποτελέσματα;
;Retrieve response XML;Ανάκτηση απόκρισης XML ;
;Uh oh!  It looks like the article may no longer be available through your library.  Please let your library and teacher know about this error message: ;Ωχ!  Φαίνεται ότι το άρθρο ενδέχεται να μην είναι πλέον διαθέσιμο στη βιβλιοθήκη σας.  Παρακαλείσθε να ενημερώσετε τη βιβλιοθήκη και τον δάσκαλο σας για αυτό το μήνυμα σφάλματος: ;
;This record from;Αυτό το αρχείο από;
;cannot be displayed to guests.;δεν μπορεί να εμφανιστεί στους επισκέπτες.;
;for full access.;για πλήρη πρόσβαση;
;See it in EDS;Δείτε το στο EDS;
; Online Access; Ηλεκτρονική πρόσβαση;
;Refine Search;Περιορισμός αναζήτησης;
;Remove Facets;Κατάργηση όψεων;
;Limiter: ;Στοιχείο περιορισμού ;
;Limit your results;Περιορίστε τα αποτελέσματά σας;
;Expand your results;Διευρύνετε τα αποτελέσματά σας;
;Search response XML;Αναζήτηση απόκρισης XML;
;Results;Αποτελέσματα;
;Showing;Προβολή ;
;of;από;
;for;για;
;Sort;Ταξινόμηση;
;Page options;Επιλογές σελίδας;
;Detailed;Αναλυτικές;
;Brief;Περιεκτικές;
;Title Only;Μόνο ο τίτλος;
;Results per page;Αποτελέσματα ανά σελίδα;
;Research Starter;Στοιχείο εκκίνησης έρευνας;
;for full access;για πλήρη πρόσβαση;
;Published: ;Εκδόθηκε: ;
;No results were found.;Δεν βρέθηκαν αποτελέσματα;
;Result #;Αποτέλεσμα αρ.:;
;Title is not available;Ο τίτλος δεν είναι διαθέσιμος;
;By :;Από:;
;Start Page:;Αρχική σελίδα:;
;Page Count:;Αριθμός σελίδων:;
;Abstract:;Σύνοψη:;
;Subjects:;Θεματικοί άξονες:;
;Key:;Λέξη κλειδί:;
;Secret:;Μυστικό:;
;Administration;Διαχείριση:;
;Total Lists;Σύνολο λιστών;
;Total People Using Tool;Σύνολο ατόμων που χρησιμοποιούν το εργαλείο;
;Users;Χρήστες;
;Total Courses Using Tool;Σύνολο μαθημάτων που χρησιμοποιούν το εργαλείο;
;Courses;Μαθήματα;
;Search;Αναζήτηση;
;Return to Course;Επιστροφή στο μάθημα;
;See Current Reading List;Προβολή της τρέχουσας λίστας υλικών προς ανάγνωση ;
;Update;Ενημέρωση;
;Add;Προσθήκη ;
; notes; σημειώσεων ;
;Save notes;Αποθήκευση σημειώσεων;
;edit notes;επεξεργασία σημειώσεων;
;items;Στοιχεία;
;currently selected;τρέχοντα επιλεγμένα;
;Result;Αποτέλεσμα;
;Folder name;Ονομασία φακέλου;
;Back to the main list;Επιστροφή στην κύρια λίστα;
;Save Changes;Αποθήκευση Αλλαγών;
;Contact;Επικοινωνία;
;for assistance with this tool.;για βοήθεια με αυτό το εργαλείο.;
;Download Export File;Λήψη του αρχείου εξαγωγής;
;Import from Export File;Εισαγωγή από αρχείο εξαγωγής;
;Download Student Data;Λήψη στοιχείων σπουδαστών;
;Be careful editing these settings, as they will override the settings originally set up in your LMS's LTI configuration screen.  Please launch at least one reading list from your LMS to populate these fields, or contact eds@ebscohost.com for assistance with these settings.;Προσοχή στην επεξεργασία αυτών των ρυθμίσεων, καθώς θα παρακάμψουν τις ρυθμίσεις που είχαν ρυθμιστεί αρχικά στην οθόνη διαμόρφωσης LTI της LMS.  Εκκινήστε τουλάχιστον μία λίστα ανάγνωσης από την LMS σας για να συμπληρώσετε αυτά τα πεδία ή επικοινωνήστε με την διεύθυνση eds@ebscohost.com για βοήθεια σχετικά με αυτές τις ρυθμίσεις.;
;If you change the ;Εάν αλλάξετε  ;
;user id;το αναγνωριστικό χρήστη;
;password;τον κωδικό πρόσβασης;
;API profile ID;Αναγνωριστικό προφίλ API;
;you will need to log out and log back in to see accurate statistics and lists.;θα χρειαστεί να αποσυνδεθείτε και να συνδεθείτε ξανά για να δείτε τα ακριβή στατιστικά στοιχεία και τις λίστες.;
;Select;Επιλέξτε ;
;a User ID & Password combo from EBSCOadmin's Authentication section.;ένα σύνθετο αναγνωριστικό χρήστη & κωδικό πρόσβασης από την ενότητα Πιστοποίηση χρήστη (Authentication) του Διαχειριστή του EBSCO.;
;The username/password combo must be associated with the group containing the profile specified below.;Ο συνδυασμός ονόματος  χρήστη / κωδικού πρόσβασης πρέπει να συσχετιστεί με την ομάδα που περιέχει το προφίλ που καθορίζεται παρακάτω.;
;Total Readings;Σύνολο υλικών προς ανάγνωση;
;This the the EDS API profile you want to use in Curriculum Builder. It needs to be in the group that the User ID and Password you entered above has access to.;Αυτό είναι το προφίλ API EDS που θέλετε να χρησιμοποιήσετε στην εφαρμογή δημιουργίας της διδακτέας ύλης. Πρέπει να βρίσκεται στην ομάδα στην οποία έχει πρόσβαση το αναγνωριστικό χρήστη και ο κωδικός πρόσβασης που καταχωρίσατε παραπάνω.;
;EDS API Profile ID;Αναγνωριστικό προφίλ API EDS;
;LMS Roles that can edit lists (comma-separated);Ρόλοι LMS που μπορούν να επεξεργαστούν λίστες (διαχωρισμένες με κόμμα);
;By default, only Instructors and Teaching Assistants can edit lists. However, you can add roles here to enable other types of users to edit lists.;Από προεπιλογή, μόνο οι εκπαιδευτικοί και οι βοηθοί διδασκαλίας μπορούν να επεξεργάζονται λίστες. Ωστόσο, μπορείτε να προσθέσετε ρόλους εδώ για να επιτρέψετε και σε άλλους τύπους χρηστών να επεξεργάζονται τις λίστες.;
;Default:;Προεπιλογή:;
;Proxy Prefix for CustomLinks;Πρόθεμα διακομιστή μεσολάβησης για CustomLinks;
;If filled in, this proxy will be applied to all CustomLinks that appear in Curriculum Builder.;Αν συμπληρωθεί, αυτός ο διακομιστής μεσολάβησης θα εφαρμοστεί σε όλες τα CustomLinks που εμφανίζονται στην εφαρμογή δημιουργίας διδακτέας ύλης.;
;Examples;Παραδείγματα;
;Proxy should encode target URL;Ο διακομιστής μεσολάβησης πρέπει να κωδικοποιεί τη διεύθυνση URL προορισμού;
;If your proxy prefix ends with;Εάν το πρόθεμα του διακομιστή μεσολάβησης τελειώνει με ;
;this probably needs to be set to;αυτό πρέπει να ρυθμιστεί σε;
;otherwise;σε διαφορετική περίπτωση;
;is probably correct.;είναι πιθανώς σωστό.;
;If your LMS accesses Curriculum Builder via HTTPS, your logo should also be available via HTTPS.;Αν το LMS σας έχει πρόσβαση στην εφαρμογή δημιουργίας διδακτέας ύλης μέσω HTTPS, το λογότυπό σας πρέπει και αυτό να είναι διαθέσιμο μέσω HTTPS.;
;This text will appear underneath the title of the list in the header. URLs will automatically be hyperlinked.;Αυτό το κείμενο θα εμφανιστεί κάτω από τον τίτλο της λίστας στην κεφαλίδα. Οι διευθύνσεις URL θα συνδέονται αυτόματα με υπερσύνδεση.;
;This is the label for the link that will appear on the left side of detailed records that directs the user to the EBSCO Discovery Service record for the reading. If left blank, no link to EDS will appear.;Αυτή είναι η ετικέτα του συνδέσμου που θα εμφανιστεί στην αριστερή πλευρά των αναλυτικών αρχείων και θα κατευθύνει το χρήστη στο αρχείο της Discovery Service του EBSCO για την ανάγνωση. Αν παραμείνει κενό, δεν θα εμφανιστεί σύνδεσμος για την EDS.;
;Enter the URL of a CSS file. Styles in this file will be applied to Curriculum Builder screens. Must be at an HTTPS address if your LMS is HTTPS only.;Καταχωρίστε τη διεύθυνση URL ενός αρχείου CSS. Οι μορφές σε αυτό το αρχείο θα εφαρμοστούν στις οθόνες της εφαρμογής δημιουργίας διδακτέας ύλης. Πρέπει να είναι σε μια διεύθυνση HTTPS, αν το LMS σας είναι μόνο HTTPS.;
;Optional.;Προαιρετικό.;
;will collect students names, email addresses, and IDs. These data will be used to inform course instructors when a student clicks on a reading. It will also populate these fields in the reports provided to the library. To disable email collection only, your LMS instructor can elect to NOT share this information with the tool provider.;θα συγκεντρώσει τα ονόματα των σπουδαστών, τις διευθύνσεις ηλεκτρονικού ταχυδρομείου και τα αναγνωριστικά των χρηστών. Αυτά τα δεδομένα θα χρησιμοποιηθούν για να ενημερώνουν τους διδάσκοντες όταν ένας σπουδαστής κάνει κλικ σε ένα υλικό ανάγνωσης. Επίσης, θα συμπληρώσει αυτά τα πεδία στις αναφορές που παρέχονται στη βιβλιοθήκη. Για να απενεργοποιήσετε μόνο τη συλλογή διευθύνσεων ηλεκτρονικού ταχυδρομείου, ο εκπαιδευτής του LMS μπορεί να επιλέξει να ΜΗΝ μοιράζεται αυτές τις πληροφορίες με τον πάροχο των εργαλείων.;
;will not provide faculty with names of students who clicked on readings. However, libraries will be provided with a report showing when and which readings were accessed with only the LMS userID.;δεν θα παράσχει στην σχολή ονόματα σπουδαστών που έκαναν κλικ στα υλικά προς ανάγνωση. Ωστόσο, στις βιβλιοθήκες θα παρέχεται μια αναφορά που θα δείχνει πότε και με ποια υλικά ανάγνωσης προσπελάστηκαν μόνο με το αναγνωριστικό χρήστη LMS.;
;Anonymized;Ανωνυμοποιημένα;
;None;Κανένα;
;will collect no student activity. No reporting will be available.;δεν θα συλλέγει καμία δραστηριότητα σπουδαστών. Δεν θα υπάρχουν διαθέσιμες αναφορές.;
;Link to Help Pages;Σύνδεση στις σελίδες βοήθειας;
;for this option means instructors will be prompted at the launch of a new list to either create a new list from scratch, or select from a list of similarly named lists to use to prepopulate the new list. If;για αυτή την επιλογή, θα ζητηθεί από τους εκπαιδευτικούς κατά την εκκίνηση μιας νέας λίστας είτε για να δημιουργήσουν μια νέα λίστα από το μηδέν είτε να επιλέξουν από έναν κατάλογο λιστών παρόμοιας ονομασίας για την προσυμπλήρωση της νέας λίστας. Αν;
;is selected, all new lists will be blank.;έχει επιλεχθεί, όλες οι νέες λίστες θα είναι κενές.;
;Hide;Απόκρυψη;
;and;και;
;Available in Library Collection;Διατίθεται στη συλλογή βιβλιοθηκών;
;Limiters;Στοιχεία περιορισμού;
;Hiding these limiters will prevent faculty from unchecking these, making it impossible to add items outside of your collections to the reading list.;Η απόκρυψη αυτών των στοιχείων περιορισμού θα αποτρέψει την αφαίρεση της επιλογής από το διδακτικό προσωπικό, καθιστώντας αδύνατη την προσθήκη στοιχείων εκτός των συλλογών σας στη λίστα ανάγνωσης.;
;This link is provided by the LMS. If the LMS is configured correctly, it will redirect the user back to the course's site.;Αυτός ο σύνδεσμος παρέχεται από τη LMS. Εάν η LMS έχει ρυθμιστεί σωστά, θα παραπέμπει τον χρήστη στον ιστοτόπο του μαθήματος.;
;Show First Full Text Link Only;Εμφάνιση μόνο του πρώτου συνδέσμου πλήρους κειμένου;
;Language;Γλώσσα;
;Spanish;Ισπανικά;
;German;Γερμανικά;
;Italian;Ιταλικά ;
;Portuguese;Πορτογαλικά;
;French;Γαλλικά;
;Simplified Chinese;Απλοποιημένα Κινέζικα;
;traditional Chinese;Παραδοσιακά κινεζικά;
;Japanese;Ιαπωνικά;
;Polish;Πολωνικά;
;Swedish;Σουηδικά;
;Thai;Ταϊλανδικά;
;Turkish;Τουρκικά;
;Required;Απαιτείται ;
;e.g., Instructor;π.χ., Διδάσκων;
;"Proxy prefix here; if using WAM, you can use {targetURLdomain} to specify the domain of your WAM proxy - the remainder will be placed at the end";Πρόθεμα του διακομιστή μεσολάβησης  (proxy)  εδώ - αν χρησιμοποιείτε WAM, μπορείτε να χρησιμοποιήσετε το {targetURLdomain} για να ορίσετε τον τομέα του διακομιστή μεσολάβησης WAM - το υπόλοιπο θα τοποθετηθεί στο τέλος;
;Email for contact person for tool;Διεύθυνση ηλεκτρονικού ταχυδρομείου για το άτομο επικοινωνίας σχετικά με το εργαλείο;
;Branding text at top of screen;Κείμενο επωνυμίας στο επάνω μέρος της οθόνης;
;e.g., See Record in EDS;π.χ., βλέπε Εγγραφή στο EDS;
;e.g., Search for Library Resources;π.χ. Αναζήτηση πηγών βιβλιοθήκης;
;Optional.  URL for CSS Stylesheet;Προαιρετικό.  Διεύθυνση URL for CSS Stylesheet;
;URL for LibGuide or other help pages;Διεύθυνση URL για LibGuide ή άλλες σελίδες βοήθειας;
;e.g., a copyright notice;π.χ. μια ειδοποίηση περί πνευματικών δικαιωμάτων;
;Label for Link to EDS;Ετικέτα για σύνδεση με το EDS;
;Label for Search Box;Ετικέτα για το πλαίσιο αναζήτησης;
;Collect Student Data;Συλλογή δεδομένων σπουδαστών;
;URL to Library Home Page;Διεύθυνση URL στην Αρχική Σελίδα της Βιβλιοθήκης;
;Search Library Resources;Αναζήτηση πόρων βιβλιοθήκης;
;Update Settings;Ρυθμίσεις ενημέρωσης;
;Expander: ;Στοιχείο διεύρυνσης: ;
;Edit;Eπεξεργασία;
;Relevance;Συνάφεια;
;Source Type;Τύπος πηγής;
;Subject;Θέμα;
;Publication;Έκδοση;
;Geography;Γεωγραφική περιοχή;
;Content Provider;Πάροχος περιεχομένου;
;Academic Journal;Ακαδημαϊκό έντυπο;
;Biographie;Βιογραφία;
;Book;Βιβλίο;
;Conference Material;Υλικό συνεδρίου;
;Magazine;Περιοδικό;
;New;Νέο ;
;Primary Source Document;Έγγραφο πρωτεύουσας πηγής;
;Report;Αναφορά;
;Review;Ανασκόπηση;
;Trade Publication;Κλαδική έκδοση;
;Date Newest;Ταξινόμηση με βάση το νεότερο;
;Date Oldest;Ταξινόμηση με βάση το παλαιότερο;
;Authors;Συγγραφείς;
;Document Type;Είδος αρχείου;
;Subject Terms;Θεματικοί Όροι;
;Author-Supplied Keywords;Συγγραφείς-παρεχόμενες λέξεις κλειδιά;
;Abstract;Περίληψη;
;Author Affiliations;Συνεργασίες συγγραφέων;
;Accession Number;Αριθμός πρόσβασης;
;Publisher;Εκδότης;
;Source;Πηγή;
;Geographic Terms;Γεωγραφικοί Όροι;
;Academic Journals;Ακαδημαϊκά περιοδικά;
;Books;Βιβλία;
;Conference Materials;Υλικά Συνεδρίων;
;Magazines;Περιοδικά;
;Biographies;Βιογραφίες;
;News;Ειδήσεις;
;Primary Source Documents;Έγγραφα πρωτεύουσας πηγής;
;Reports;Αναφορές;
;Reviews;Κριτικές;
;Trade Publications;Κλαδικές εκδόσεις;
;Apply equivalent subjects;Εφαρμογή ισοδύναμων θεμάτων ;
;Apply related words;Εφαρμογή σχετικών λέξεων ;
;Also search within the full text of the articles;Επίσης αναζήτηση στο πλήρες κείμενο των άρθρων;
;References Available;Διαθέσιμες αναφορές;
;Scholarly (Peer Reviewed) Journals;Επιστημονικά (αξιολογημένα από συναδέρφους) περιοδικά;
;Library Home;Κεντρική σελίδα βιβλιοθήκης;
;Periodical;Περιοδικός;
;Selecting;Επιλογή;
;Publication Year;Έτος δημοσίευσης;
;You have no other reading lists.;Δεν έχετε άλλες λίστες ανάγνωσης.;
;No statistics to report yet.;Δεν υπάρχουν στατιστικά στοιχεία προς αναφορά ακόμα.;
;Select one:;Επέλεξε ένα:;
;Hebrew;Εβραϊκά;
;University;Πανεπιστήμιο;Facet
;Collection;Συλλογή;Facet
;Generate list;Δημιουργία λίστας;
